{"cameraMode":{"drawMode":0,"name":"Shaded","section":"Shading Mode"},"sceneLighting":true,"audioPlay":false,"sceneViewState":{"showFog":true,"showMaterialUpdate":false,"showSkybox":false,"showFlares":true,"showImageEffects":true,"showParticleSystems":true},"in2DMode":false,"pivot":{"x":1.7902612686157227,"y":3.1651229858398439,"z":-0.31572890281677248},"rotation":{"x":0.1878938376903534,"y":0.5672659277915955,"z":-0.13487160205841065,"w":0.790410041809082},"size":1.0644078254699708,"orthographic":false}