{"cameraMode":{"drawMode":0,"name":"Shaded","section":"Shading Mode"},"sceneLighting":true,"audioPlay":false,"sceneViewState":{"showFog":true,"showMaterialUpdate":false,"showSkybox":false,"showFlares":true,"showImageEffects":true,"showParticleSystems":true},"in2DMode":false,"pivot":{"x":3.3468551635742189,"y":1.107945442199707,"z":0.5689382553100586},"rotation":{"x":0.2746444046497345,"y":0.14213359355926515,"z":-0.04110367223620415,"w":0.9501103162765503},"size":1.582397222518921,"orthographic":false}