{"cameraMode":{"drawMode":0,"name":"Shaded","section":"Shading Mode"},"sceneLighting":false,"audioPlay":false,"sceneViewState":{"showFog":true,"showMaterialUpdate":false,"showSkybox":false,"showFlares":true,"showImageEffects":true,"showParticleSystems":true},"in2DMode":false,"pivot":{"x":-5.644044399261475,"y":6.034854888916016,"z":1.5343204736709595},"rotation":{"x":-0.0019284645095467568,"y":0.9975396990776062,"z":0.06353053450584412,"w":0.03022608906030655},"size":0.6874703168869019,"orthographic":false}